"NIH Print Exchange (n=217), Printables (n=340), Thingiverse (n=754)"	Design Name
https://3dprint.nih.gov/discover/3dpx-000117	Microscope dish adapter
https://3dprint.nih.gov/discover/3dpx-000119	Eptube holder
https://3dprint.nih.gov/discover/3dpx-000121	Minishaker adapter
https://3dprint.nih.gov/discover/3dpx-000122	Flowchamber
https://3dprint.nih.gov/discover/3dpx-000125	Agarosegelcomb-14wells
https://3dprint.nih.gov/discover/3dpx-000127	96 well plate adaptor
https://3dprint.nih.gov/discover/3dpx-000131	Bottle Holders
https://3dprint.nih.gov/discover/3dpx-000303	96 Microwell Plate
https://3dprint.nih.gov/discover/3dpx-000304	A Fully Printable Microscope
https://3dprint.nih.gov/discover/3dpx-000310	Flask Tilt
https://3dprint.nih.gov/discover/3dpx-000367	Pipette Tip Transfer Tool
https://3dprint.nih.gov/discover/3dpx-000429	15-Well Vial Holder
https://3dprint.nih.gov/discover/3dpx-000430	96-Well Paper Microzone Plate Holder
https://3dprint.nih.gov/discover/3dpx-000490	Tube Rack
https://3dprint.nih.gov/discover/3dpx-000491	iPhone microscope adapter
https://3dprint.nih.gov/discover/3dpx-000492	Nikon Stage Insert
https://3dprint.nih.gov/discover/3dpx-000493	pH electrode holder
https://3dprint.nih.gov/discover/3dpx-000494	SDS-PAGE 0.75mm gel comb
https://3dprint.nih.gov/discover/3dpx-000505	Gel Cracker
https://3dprint.nih.gov/discover/3dpx-000550	Universal Portrait/Landscape Tecan EVO One-Place MTP Carrier
https://3dprint.nih.gov/discover/3dpx-000606	Micromanipulator
https://3dprint.nih.gov/discover/3dpx-000607	Biropette: 3D printable micropipette
https://3dprint.nih.gov/discover/3dpx-000608	PhoneScope
https://3dprint.nih.gov/discover/3dpx-000609	Raspberry Pi Scope
https://3dprint.nih.gov/discover/3dpx-000684	Orbital Shaker
https://3dprint.nih.gov/discover/3dpx-000703	PCR tube rack
https://3dprint.nih.gov/discover/3dpx-000729	DNA model with support
https://3dprint.nih.gov/discover/3dpx-000735	96-well connected grid PDMS mold (384 well type)
https://3dprint.nih.gov/discover/3dpx-000746	Parametric Microscope Slide Holder
https://3dprint.nih.gov/discover/3dpx-000768	3D Bot
https://3dprint.nih.gov/discover/3dpx-000769	Vortex Mixer
https://3dprint.nih.gov/discover/3dpx-000774	Open Source Fluoroscope
https://3dprint.nih.gov/discover/3dpx-000776	Modular Test Tube Rack
https://3dprint.nih.gov/discover/3dpx-000851	Rectangular tube holder with tight-fitting lid for environmental isolation
https://3dprint.nih.gov/discover/3dpx-000889	The BYB Maniplulator
https://3dprint.nih.gov/discover/3dpx-001082	Circular & rectangular hole calibration piece (sub mm)
https://3dprint.nih.gov/discover/3dpx-001228	Lid and comb portion of casting mold for horizontal PAGE
https://3dprint.nih.gov/discover/3dpx-001229	Tray portion of casting mold for horizontal PAGE
https://3dprint.nih.gov/discover/3dpx-001230	coverslip spinner holder
https://3dprint.nih.gov/discover/3dpx-001318	Gel Combs (1.5mm Mini Gels)
https://3dprint.nih.gov/discover/3dpx-001488	50ml tube holder
https://3dprint.nih.gov/discover/3dpx-001726	75mm Glass Slide and 35mm Culture dish Leica Microscope Insert
https://3dprint.nih.gov/discover/3dpx-001748	6-Tube homogenizer attachment for reciprocating motor
https://3dprint.nih.gov/discover/3dpx-001868	PoliScience water bath tray
https://3dprint.nih.gov/discover/3dpx-002032	Petri Dish
https://3dprint.nih.gov/discover/3dpx-002039	Frame for 12 channel Corning disposable Reservoir Liner
https://3dprint.nih.gov/discover/3dpx-002072	centrifuge cartridge holder
https://3dprint.nih.gov/discover/3dpx-002079	one handed lid opener
https://3dprint.nih.gov/discover/3dpx-002082	tube carousel
https://3dprint.nih.gov/discover/3dpx-002084	Grab Tool
https://3dprint.nih.gov/discover/3dpx-002093	Customizable Perforated Cylindrical Plate
https://3dprint.nih.gov/discover/3dpx-002094	Customizable Square Array of Cylinders
https://3dprint.nih.gov/discover/3dpx-002095	Customizable Chopper Wheel
https://3dprint.nih.gov/discover/3dpx-002096	Mobile Phone Attachment for Assessment of Capillary Refill Time
https://3dprint.nih.gov/discover/3dpx-002102	Replistruder Syringe-Based Extruder
https://3dprint.nih.gov/discover/3dpx-002103	Square Filter Holder for Open-source Optics
https://3dprint.nih.gov/discover/3dpx-002112	Parametric open-source chopper wheel
https://3dprint.nih.gov/discover/3dpx-002130	The SpecPhone: A 3D-Printable Smartphone Spectrophotometer
https://3dprint.nih.gov/discover/3dpx-002131	Open-source mirror holder
https://3dprint.nih.gov/discover/3dpx-002133	Open-source lens holder
https://3dprint.nih.gov/discover/3dpx-002142	Laboratory Electric Stirrer
https://3dprint.nih.gov/discover/3dpx-002144	Customizable array of cylinders
https://3dprint.nih.gov/discover/3dpx-002164	Insulated test-tube carrier
https://3dprint.nih.gov/discover/3dpx-002166	3-point clamp
https://3dprint.nih.gov/discover/3dpx-002168	Sample Rotator Components
https://3dprint.nih.gov/discover/3dpx-002171	Modular PC104 Case
https://3dprint.nih.gov/discover/3dpx-002195	96 well plate holder
https://3dprint.nih.gov/discover/3dpx-002332	Insulated test tube container
https://3dprint.nih.gov/discover/3dpx-002349	Sample Rotator / Mixer
https://3dprint.nih.gov/discover/3dpx-002413	Rockefeller University BD FACSAria2-3 Water-Cooled Sort Collection Integrated Tube Holder 50-5-5
https://3dprint.nih.gov/discover/3dpx-002415	Rockefeller University BD FACSAria2-3 Water-Cooled Sort Collection Integrated Tube Holder 5-15-5-5
https://3dprint.nih.gov/discover/3dpx-002522	Screw Titration Blocks for Swivel Cap 2.0 and Microdrives
https://3dprint.nih.gov/discover/3dpx-002650	Graduated mold for US gel
https://3dprint.nih.gov/discover/3dpx-002873	analytical ultracentrifugation double sector centerpiece
https://3dprint.nih.gov/discover/3dpx-003182	Laboratory Sample Rotator
https://3dprint.nih.gov/discover/3dpx-003287	Laboratory Sample Rotator
https://3dprint.nih.gov/discover/3dpx-003288	Laboratory Sample Rotator and Shaker with onboard Microcontroller
https://3dprint.nih.gov/discover/3dpx-003400	Rockefeller University BD FACSAria2-3 Water-Cooled Sort Collection Integrated Tube Holder 50-50
https://3dprint.nih.gov/discover/3dpx-003401	Rockefeller University BD FACSAria2-3 Water-Cooled Sort Collection Integrated Tube Holder 50-15
https://3dprint.nih.gov/discover/3dpx-003524	custom lid for CytoOne 24 well plate
https://3dprint.nih.gov/discover/3dpx-003761	NMR holder
https://3dprint.nih.gov/discover/3dpx-003849	50 mL centrifuge adapter for PELCO R2 rotator
https://3dprint.nih.gov/discover/3dpx-003850	STAGE ADAPTER FOR DISSECTING SCOPE
https://3dprint.nih.gov/discover/3dpx-003925	gel comb 0.75 mm with larger pockets
https://3dprint.nih.gov/discover/3dpx-003962	Sieve
https://3dprint.nih.gov/discover/3dpx-003969	MOST - Recyclebot Material Feed Auger System
https://3dprint.nih.gov/discover/3dpx-003975	Dremel Stand - Benchtop Workstation
https://3dprint.nih.gov/discover/3dpx-004001	Glass Slide Dryer
https://3dprint.nih.gov/discover/3dpx-004041	Nutating Shaker Table Bed Extender
https://3dprint.nih.gov/discover/3dpx-004080	Automated Hummingbird Feeder
https://3dprint.nih.gov/discover/3dpx-004082	Soil Sieve
https://3dprint.nih.gov/discover/3dpx-004753	Towers Of Hanoi
https://3dprint.nih.gov/discover/3dpx-004768	3D Topographic Map
https://3dprint.nih.gov/discover/3dpx-004774	Safety Switch Cover - Hinged
https://3dprint.nih.gov/discover/3dpx-004890	Test Tube Rack for 15mm Tubes (16 slots)
https://3dprint.nih.gov/discover/3dpx-007481	1 ml Syringe Pipette
https://3dprint.nih.gov/discover/3dpx-007483	3 ml Syringe Pipette
https://3dprint.nih.gov/discover/3dpx-007484	5 ml Syringe Pipette
https://3dprint.nih.gov/discover/3dpx-007485	10 ml Syringe Pipette
https://3dprint.nih.gov/discover/3dpx-007859	Sample Box
https://3dprint.nih.gov/discover/3dpx-007972	Dual sided imaging chambers for whole mount samples
https://3dprint.nih.gov/discover/3dpx-008004	Open Source Nutating Mixer
https://3dprint.nih.gov/discover/3dpx-008207	Sample positioning device
https://3dprint.nih.gov/discover/3dpx-008211	3D Rotman Lens
https://3dprint.nih.gov/discover/3dpx-008229	Vacuum Ejector
https://3dprint.nih.gov/discover/3dpx-008323	Single wafer box for wafer quarters (v2)
https://3dprint.nih.gov/discover/3dpx-008535	50ml shaker rack
https://3dprint.nih.gov/discover/3dpx-008537	18 well western blot comb
https://3dprint.nih.gov/discover/3dpx-008569	Universal open-source printhead for 3D bioprinting
https://3dprint.nih.gov/discover/3dpx-008944	small test tube holder for freezing block
https://3dprint.nih.gov/discover/3dpx-008994	Universal Clip-On: Cyclone Sampler Holder
https://3dprint.nih.gov/discover/3dpx-009008	12 tube magnetic separator
https://3dprint.nih.gov/discover/3dpx-009009	12 tube separator with round edges
https://3dprint.nih.gov/discover/3dpx-009010	Flexure micropositioning device
https://3dprint.nih.gov/discover/3dpx-009013	Storage of Sample Boxes
https://3dprint.nih.gov/discover/3dpx-009261	analytical ultracentrifugation 1.75 mm and 1.5 mm pathlength centerpiece
https://3dprint.nih.gov/discover/3dpx-009288	Laboratory Rocker/Shaker/Mixer
https://3dprint.nih.gov/discover/3dpx-009402	General Bio Safety Cabinet 6’
https://3dprint.nih.gov/discover/3dpx-009621	Stackable Freezer Bin
https://3dprint.nih.gov/discover/3dpx-009765	microscope slide (25x75) with inset (22x22)
https://3dprint.nih.gov/discover/3dpx-009768	small slidebox
https://3dprint.nih.gov/discover/3dpx-009953	Cord/Wire Winder
https://3dprint.nih.gov/discover/3dpx-010031	3-D Printable Plastic Grinder
https://3dprint.nih.gov/discover/3dpx-010032	Wall Mounted Glassware Drying Rack
https://3dprint.nih.gov/discover/3dpx-010033	Custom PH Electrode Holder
https://3dprint.nih.gov/discover/3dpx-010034	Centrifuge apparatus
https://3dprint.nih.gov/discover/3dpx-010035	Test Tube Holder
https://3dprint.nih.gov/discover/3dpx-010038	Drying rack for small lab tools
https://3dprint.nih.gov/discover/3dpx-010041	Customizable Magnetic Test Tube Stand
https://3dprint.nih.gov/discover/3dpx-010083	10cm culture dish adapter plate
https://3dprint.nih.gov/discover/3dpx-010138	Glass Tilter Tester Appartus
https://3dprint.nih.gov/discover/3dpx-010255	Custom Test Tube Holder [3D Printable]
https://3dprint.nih.gov/discover/3dpx-010511	Stackable Freezer Bin
https://3dprint.nih.gov/discover/3dpx-010666	Cotton Tip Applicator Holder
https://3dprint.nih.gov/discover/3dpx-010720	TRIO Imaging Support Platform for Mice
https://3dprint.nih.gov/discover/3dpx-010819	Dewar for tissue grinding in Liquid Nitrogen in Eppendorf tube
https://3dprint.nih.gov/discover/3dpx-010875	Test tube rack
https://3dprint.nih.gov/discover/3dpx-010915	LazyRA W-16: High-throughput Microfluidics and Protein Microarray Slide Processor (liquid handling robot compatible)
https://3dprint.nih.gov/discover/3dpx-010991	Periodic table of elements
https://3dprint.nih.gov/discover/3dpx-011214	Magnetic rack 1.5ml/2ml & 15ml
https://3dprint.nih.gov/discover/3dpx-011230	Tool for calibration of Gilson Rainin PipetteMan
https://3dprint.nih.gov/discover/3dpx-011298	Form 2 Tool holder
https://3dprint.nih.gov/discover/3dpx-011324	cuvette rack
https://3dprint.nih.gov/discover/3dpx-011745	Histology Plate 10 well v1
https://3dprint.nih.gov/discover/3dpx-011746	Histology Plate 20 well v1.stl
https://3dprint.nih.gov/discover/3dpx-011747	Histology Tray 10 well v1
https://3dprint.nih.gov/discover/3dpx-011748	Histology Tray 20 well v1
https://3dprint.nih.gov/discover/3dpx-011948	Owl Easy Cast Gel Comb (large wells)
https://3dprint.nih.gov/discover/3dpx-012172	Freequenza Immunostaining Box
https://3dprint.nih.gov/discover/3dpx-012212	38mm Tube Rack - 6 Place
https://3dprint.nih.gov/discover/3dpx-012293	Universal Phone Level Mount
https://3dprint.nih.gov/discover/3dpx-012299	Scalpel Holder
https://3dprint.nih.gov/discover/3dpx-012304	Mill Collet Holder
https://3dprint.nih.gov/discover/3dpx-012305	Parametric & Customizable Funnel
https://3dprint.nih.gov/discover/3dpx-012312	Micropipette holder/stand
https://3dprint.nih.gov/discover/3dpx-012320	3D Print Material Price Scale
https://3dprint.nih.gov/discover/3dpx-012336	Helping Hands for Soldering Wires with Holder for Soldering Iron
https://3dprint.nih.gov/discover/3dpx-012344	Tube Holder Adaptor for Cold Block
https://3dprint.nih.gov/discover/3dpx-012346	3D printed tweezers
https://3dprint.nih.gov/discover/3dpx-012372	Bug Catching Box
https://3dprint.nih.gov/discover/3dpx-012374	Mini Lathe
https://3dprint.nih.gov/discover/3dpx-012381	Parametric Scoopula
https://3dprint.nih.gov/discover/3dpx-012386	Adjustable Test Tube Holder
https://3dprint.nih.gov/discover/3dpx-012403	Variable Size Test Tube Holder
https://3dprint.nih.gov/discover/3dpx-012408	Water Quality Probe Holder
https://3dprint.nih.gov/discover/3dpx-012409	Universal Phone Level Holder
https://3dprint.nih.gov/discover/3dpx-012414	Open Sourced Printable Safety Glasses
https://3dprint.nih.gov/discover/3dpx-012418	R8 Collet Holder
https://3dprint.nih.gov/discover/3dpx-012443	Test Tube Drying Rack
https://3dprint.nih.gov/discover/3dpx-012449	Resin Funnel and Stand
https://3dprint.nih.gov/discover/3dpx-012452	DIY Automatic Sieve Shaker (Partial)
https://3dprint.nih.gov/discover/3dpx-012453	Microscope Phone Adapter
https://3dprint.nih.gov/discover/3dpx-012459	Athena II Delta 3D Printer Epoxy Resin Syringe Mod
https://3dprint.nih.gov/discover/3dpx-012563	Angled cuvette holder for FluoroMax
https://3dprint.nih.gov/discover/3dpx-012802	DIYbio Orbital Shaker v1.1
https://3dprint.nih.gov/discover/3dpx-012879	Greiner 96-well plate (655 090)
https://3dprint.nih.gov/discover/3dpx-012890	12 mm cover slip trough
https://3dprint.nih.gov/discover/3dpx-012891	4-slide adapter for multiwell plate microscope holder
https://3dprint.nih.gov/discover/3dpx-012895	18mm spaced 1.5 ml tube rack
https://3dprint.nih.gov/discover/3dpx-012897	96 wellplate 25 degree holder
https://3dprint.nih.gov/discover/3dpx-012898	96 wellplate 30 degree holder
https://3dprint.nih.gov/discover/3dpx-012987	Ergonomic 96 Well Plate Adapter
https://3dprint.nih.gov/discover/3dpx-012992	phone stand for slide imaging
https://3dprint.nih.gov/discover/3dpx-013346	Adjustable Flow Restriction Device for Multiple Patient Lung Ventilation
https://3dprint.nih.gov/discover/3dpx-013484	Multichannel Weighing Plate
https://3dprint.nih.gov/discover/3dpx-013486	96 Well Filter Plate
https://3dprint.nih.gov/discover/3dpx-013579	Magnetic rack for microtubes
https://3dprint.nih.gov/discover/3dpx-013942	3DPX-013942
https://3dprint.nih.gov/discover/3dpx-014037	Beaker Divider
https://3dprint.nih.gov/discover/3dpx-014292	GCMS Vial Adapter
https://3dprint.nih.gov/discover/3dpx-014293	Microcentrifuge Tube Adapter
https://3dprint.nih.gov/discover/3dpx-014294	NMR Tube Adapter
https://3dprint.nih.gov/discover/3dpx-014296	Test Tube Adapter
https://3dprint.nih.gov/discover/3dpx-014334	Vial Cuvette Adapter
https://3dprint.nih.gov/discover/3dpx-014498	Filter Adapter for a Digital Microscope Camera
https://3dprint.nih.gov/discover/3dpx-014683	Hand-Powered Centrifuge
https://3dprint.nih.gov/discover/3dpx-014701	Re-usable Microtome Tissue Embedding Mold and Base
https://3dprint.nih.gov/discover/3dpx-014964	8 Row Magnetic Rack
https://3dprint.nih.gov/discover/3dpx-015527	Microplate adapter for GFL shakers
https://3dprint.nih.gov/discover/3dpx-015771	Casting Frame
https://3dprint.nih.gov/discover/3dpx-015772	Two-Layer Eppendorf Holder
https://3dprint.nih.gov/discover/3dpx-015775	V2_Casting Frame
https://3dprint.nih.gov/discover/3dpx-015808	Centrifuge Spin Adapter for Face Down Multi-Well Plates
https://3dprint.nih.gov/discover/3dpx-015956	Float Rack and Imaging System for LAMP Assay
https://3dprint.nih.gov/discover/3dpx-015995	Shelf for freezer bins/boxes
https://3dprint.nih.gov/discover/3dpx-016113	25mm Round Coverslip Holder
https://3dprint.nih.gov/discover/3dpx-016137	Scintillation Vile Centrifuge Insert
https://3dprint.nih.gov/discover/3dpx-016293	MOD3D System of Live Cell Chambers for microscopy
https://3dprint.nih.gov/discover/3dpx-016424	Arctic White filter place centrifuge adapter
https://3dprint.nih.gov/discover/3dpx-016489	Tools for assembling photoacoustic image quality test phantoms
https://3dprint.nih.gov/discover/3dpx-016940	Vial sorting aides
https://3dprint.nih.gov/discover/3dpx-017024	SDS-PAGE 0.75mm Gel Comb Remix
https://3dprint.nih.gov/discover/3dpx-017331	1.5ml Tube Magnet Rack
https://3dprint.nih.gov/discover/3dpx-017454	384 to 96-format Plate Adaptor
https://3dprint.nih.gov/discover/3dpx-017500	3D printed calipers
https://3dprint.nih.gov/discover/3dpx-017530	Mobilefuge
https://3dprint.nih.gov/discover/3dpx-017560	6-well inserts and insert holder (IHC)
https://www.printables.com/model/100039-petri-dish-rack	Petri Dish Rack by Be Me
https://www.printables.com/model/100382-petri-dish-rack-low-material-9-x-90-mm	Petri Dish Rack Low Material 9 x 90 mm by JonoRig
https://www.printables.com/model/100383-petri-dish-rack-square-9-x-90-mm	Petri Dish Rack Square 9 x 90 mm by JonoRig
https://www.printables.com/model/100384-petri-dish-rack-9-x-90mm-plates	"Petri Dish Rack, 9 x 90mm Plates by JonoRig"
https://www.printables.com/model/101367-magnatic-stirrer	Magnatic Stirrer by Max Siebenschläfer
https://www.printables.com/model/103753-diy-10-laser-microscope-microscopio-laser-casero-8	DIY 10$ LASER Microscope - Microscopio LASER casero 8€ by Pinillos
https://www.printables.com/model/104339-24-well-plates	24 well plates by Dr_Froggy_rD
https://www.printables.com/model/106100-diy-atx-lab-bench-power-supply	DIY ATX Lab Bench Power Supply by sg_dev
https://www.printables.com/model/1068-configurable-rack-for-hplc-and-other-vials	Configurable rack for HPLC and other vials by Dale
https://www.printables.com/model/107197-drying-rack-for-small-lab-tools	Drying rack for small lab tools by EgonHeuson
https://www.printables.com/model/107277-pipette-pipette-tip-and-test-tube-stand	"Pipette, pipette tip and test tube stand by the_tro"
https://www.printables.com/model/107598-petri-dishes	Petri dishes by Julien
https://www.printables.com/model/107707-magnet-stirrer-for-electric-drill	Magnet Stirrer for electric drill by Be Me
https://www.printables.com/model/111308-test-tube-peg-rack-customizable	Test tube peg rack (customizable) by MaverickTse
https://www.printables.com/model/113776-precision-applicator	Precision applicator by Jack
https://www.printables.com/model/114116-tube-rack	Tube Rack by DocMike
https://www.printables.com/model/114272-ball-mill	Ball Mill by Lucasfrit
https://www.printables.com/model/114308-sorting-tray-with-funnel	Sorting Tray with Funnel by Area51
https://www.printables.com/model/114530-millennium-falcon-tube-holder-improved	Millennium Falcon Tube Holder (improved) by AtomicVirology
https://www.printables.com/model/115306-sem-stub-holders-electron-microscopy	SEM stub holders (Electron Microscopy) by vsaggiomo
https://www.printables.com/model/115453-cuvette-holder-rack-10-cuvettes	Cuvette holder / rack (10 cuvettes) by vsaggiomo
https://www.printables.com/model/115454-organ-nmr-tube-holder	Organ NMR tube holder by vsaggiomo
https://www.printables.com/model/117306-micropipette-holder-socorex-acura-825	Micropipette holder (Socorex ACURA 825) by Lorro
https://www.printables.com/model/121917-dsc-crucible-holder-with-numbered-cavities	DSC Crucible Holder with numbered cavities by B3rnd8
https://www.printables.com/model/12290-swann-morton-scalpel-blade-extractor-single-and-bo	Swann Morton scalpel blade extractor (single and box) by M600
https://www.printables.com/model/123448-clutch-gripper-mount	clutch gripper mount by Maschinist RaumZeitPiraten
https://www.printables.com/model/123685-laboratory-clamp	laboratory clamp by Maschinist RaumZeitPiraten
https://www.printables.com/model/124389-cable-tag-set	Cable Tag Set by Alego
https://www.printables.com/model/124492-15ml-tube-rack-small-8-x-6	15ml Tube Rack (Small - 8 x 6) by moyerek
https://www.printables.com/model/124812-lab-tool-holder	Lab Tool Holder by Engineer3DGeek
https://www.printables.com/model/126010-test-tube-label-clip	Test tube label clip by MaverickTse
https://www.printables.com/model/126139-jaws-nmr-holder	JAWS NMR Holder by vsaggiomo
https://www.printables.com/model/126610-wz5005-power-supply	WZ5005 Power supply by Yanev
https://www.printables.com/model/126650-microplate-adapter-for-tristar2-multimode-reader-l	Microplate adapter for Tristar2 Multimode Reader LB942 by Marius Mihasan
https://www.printables.com/model/126655-vortex-genie-2-attachments-for-bead-beating	Vortex Genie 2 Attachments for bead beating by Marius Mihasan
https://www.printables.com/model/126805-microplate-adapter-for-gfl-shakers	Microplate adapter for GFL shakers by Marius Mihasan
https://www.printables.com/model/127740-ultimate-laboratory-bench-organizer	Ultimate Laboratory Bench Organizer by vsaggiomo
https://www.printables.com/model/128013-tube-adaptor-15-ml-to-5-ml-for-akta-start	Tube adaptor (15 mL to 5 mL) for AKTA Start by AtomicVirology
https://www.printables.com/model/128047-ja-2550-tube-holder	JA-25.50 tube holder by AtomicVirology
https://www.printables.com/model/128061-50-ml-falcon-tube-holder	50 mL Falcon Tube Holder by AtomicVirology
https://www.printables.com/model/128219-15-ml-falcon-tube-holder	15 mL Falcon tube holder by AtomicVirology
https://www.printables.com/model/128545-150mm-crystalizing-dish-grate	150mm Crystalizing Dish Grate by biscuitless
https://www.printables.com/model/128546-150mm-crystalizing-dish-magnetic-stirrer-cover	150mm Crystalizing Dish Magnetic Stirrer Cover by biscuitless
https://www.printables.com/model/129085-microscope-slide-stainer	Microscope Slide Stainer by Greg
https://www.printables.com/model/129795-3d-printed-diy-cnc-dremel-cnc-remix	3D Printed DIY CNC - Dremel CNC Remix by Aviran_N
https://www.printables.com/model/129838-tape-dispenser-multi-sizemodular	"Tape Dispenser, Multi-size/Modular by Miguel M."
https://www.printables.com/model/131190-bike-particle-accelerator	Bike Particle Accelerator by vsaggiomo
https://www.printables.com/model/131315-dsc-crucible-holder-with-numbered-cavities-mmu-ver	DSC Crucible Holder with numbered cavities MMU-version by B3rnd8
https://www.printables.com/model/131833-orbital-shaker-diybio	Orbital Shaker DIYBio by dkrider
https://www.printables.com/model/131991-parametric-microscope-slide-holder	Parametric microscope slide holder by CGrassin
https://www.printables.com/model/132083-adjustable-lab-stand-with-clamp	Adjustable Lab Stand with Clamp by APPSolute
https://www.printables.com/model/132236-case-for-stc-100-temperature-controller	Case for STC-100 Temperature Controller by LoboCNC
https://www.printables.com/model/132488-remix-kirby-fume-extractor-for-9v-and-a-60x60mm-fa	Remix Kirby Fume Extractor for 9V and a 60x60mm fan by genos
https://www.printables.com/model/133488-parallel-jaw-pliers	Parallel Jaw Pliers by mdkendall
https://www.printables.com/model/134120-50ml-conical-tube-darkness-storage-canister-with-s	50mL conical tube darkness storage canister with screw-on lid by njmck
https://www.printables.com/model/135762-15ml-falcon-tube-rack	15ml Falcon Tube Rack by DSpecter
https://www.printables.com/model/136867-microscope-adapter-for-dslr	microscope adapter for dslr by majstor
https://www.printables.com/model/138529-50ml-falcon-1ml-cryovial-falcon-rack	50ml Falcon + 1ml Cryovial / Falcon Rack by DSpecter
https://www.printables.com/model/139396-tape-roll-adaptor	Tape Roll Adaptor by AtomicVirology
https://www.printables.com/model/139401-midiprep-rack-15-ml-conical-tube-adaptor	Midiprep rack 15 mL conical tube adaptor by AtomicVirology
https://www.printables.com/model/140012-support-for-microscope-slides	Support for Microscope Slides by AstroVest
https://www.printables.com/model/141844-sds-page-gel-doc-imager-box-for-smartphones	SDS-PAGE gel doc imager box for smartphones by njmck
https://www.printables.com/model/141845-thermo-fisher-magnetic-stirrer-stand	Thermo Fisher magnetic stirrer stand by njmck
https://www.printables.com/model/141851-225ml-conical-centrifuge-tube-rack-2x-4x-and-6x-mo	"225mL Conical Centrifuge Tube Rack (2x, 4x, and 6x models) by njmck"
https://www.printables.com/model/142550-aquarium-test-tube-holder	Aquarium Test Tube Holder by Ekoda Design
https://www.printables.com/model/144740-rack-for-washing-illumina-glass-back-plates	Rack for washing Illumina glass back plates by Robert
https://www.printables.com/model/144784-petri-dish-cap	Petri Dish Cap by wavexx
https://www.printables.com/model/144818-rudimentary-phone-microscope-ocular-adapter-31-34m	Rudimentary phone / microscope ocular adapter (31-34mm OD) by wavexx
https://www.printables.com/model/144823-deluxe-eppendorf-pipette-holder	Deluxe Eppendorf pipette holder by wavexx
https://www.printables.com/model/146862-falcon-tube-50-ml-holder-x6	Falcon Tube 50 mL Holder x6 by Patrick Straz
https://www.printables.com/model/147780-cranked-angled-precision-tweezers-3d-folding	Cranked / Angled Precision Tweezers - 3D Folding by Fozi
https://www.printables.com/model/148153-imperial-star-destroyer-15-ml-falcon-tube-holder	Imperial Star Destroyer 15 mL Falcon tube holder by AtomicVirology
https://www.printables.com/model/148392-bookshelf-homelab-micro-rack	Bookshelf Homelab Micro Rack by pfs
https://www.printables.com/model/149039-foldable-hook	Foldable hook by RostaP
https://www.printables.com/model/14935-48-slides-storage-box-with-lid	48 slides storage box with lid by Ignis Veneficus
https://www.printables.com/model/152453-12mm-test-tube-holderstorage-box-for-9-tubes-eduop	12mm Test tube holder/storage box for 9 tubes (Edu/OpenBio) by NWSpitfire
https://www.printables.com/model/155120-nano-vise-v2-by-prima	Nano Vise V2 by PRIma by PRIma
https://www.printables.com/model/158029-eppendorf-tube-rack	Eppendorf tube rack by Tomas Kral
https://www.printables.com/model/159132-test-tube-rackholder-3-sizes	Test Tube Rack/Holder 3 sizes by Machu
https://www.printables.com/model/159138-test-tube-rackholder-variant-2	Test Tube Rack/Holder variant 2 by Machu
https://www.printables.com/model/159355-quick-print-50-ml-centrifuge-tube-holder	Quick Print 50 mL Centrifuge Tube Holder by DrBenC
https://www.printables.com/model/159384-crystal-microscope-slide-transport-box	Crystal Microscope Slide Transport Box by DrBenC
https://www.printables.com/model/159910-optical-microscope	Optical Microscope by Everett Ramer
https://www.printables.com/model/160982-magnetic-bead-tube-rack	Magnetic Bead Tube Rack by SteveW91
https://www.printables.com/model/160999-dual-vortex-adaptor	Dual Vortex Adaptor by SteveW91
https://www.printables.com/model/161014-bead-dispenser-for-barocycler-tube-holder	Bead Dispenser for Barocycler Tube Holder by SteveW91
https://www.printables.com/model/161016-vortex-accessories	Vortex Accessories by SteveW91
https://www.printables.com/model/161025-5-ml-tube-holder-for-qiagen24-tissue-lyser	5 mL tube holder for QIAGEN24 tissue lyser by SteveW91
https://www.printables.com/model/161028-54-microbube-holder-for-barocycler-tubes	54 microbube holder for barocycler tubes by SteveW91
https://www.printables.com/model/161032-lysis-bead-dispenser-for-96-well-format	Lysis bead dispenser for 96 well format by SteveW91
https://www.printables.com/model/161033-adapter-sleeve-for-15-to-05-ml-eppendorf-tube	adapter sleeve for 1.5 to 0.5 ml eppendorf tube by SteveW91
https://www.printables.com/model/161042-barocycler-tube-tray	Barocycler tube tray by SteveW91
https://www.printables.com/model/161044-barocycler-cartridge-holder-for-qiagen-tissuelyser	Barocycler Cartridge Holder for QIAGEN TissueLyserII by SteveW91
https://www.printables.com/model/161054-eppendorf-tube-gasket-for-fastprep-24	Eppendorf Tube Gasket for FastPrep-24 by SteveW91
https://www.printables.com/model/161058-barocycler-tube-insert-for-15-ml-eppendorf-tube	Barocycler Tube Insert for 1.5 mL Eppendorf Tube by SteveW91
https://www.printables.com/model/161074-single-tube-1mm-bead-dispenser	Single Tube 1mm Bead Dispenser by SteveW91
https://www.printables.com/model/162460-well-plate-rulers	Well Plate Rulers by wavexx
https://www.printables.com/model/163927-corning-250ml-easy-grip-container-light-shield	Corning 250ml Easy Grip container / light shield by wavexx
https://www.printables.com/model/164481-50ml-centrifuge-tube-dark-cover	50ml Centrifuge tube dark cover by MartyS
https://www.printables.com/model/165421-universal-microscope-phone-camera-adaptor	Universal Microscope-Phone Camera Adaptor by Dauntless
https://www.printables.com/model/166599-28-mm-vial-rack	28 mm Vial Rack by kblazewicz
https://www.printables.com/model/1684-another-lab-plate-vortexshaker-from-a-140-mm-fan	Another Lab plate vortex/shaker from a 140 mm fan by Franz
https://www.printables.com/model/168667-microscope-slide-holder-dry-rack	Microscope Slide Holder / dry rack by Spotmatic
https://www.printables.com/model/168669-mobile-camera-to-microscope-spacer	Mobile Camera to Microscope ( Spacer ) by Spotmatic
https://www.printables.com/model/168670-drosophila-tube-rack	Drosophila tube rack by Spotmatic
https://www.printables.com/model/169338-tinkermicroscope-mk1-a-3d-printed-microscope-with-	"tinkerMicroscope MK1, a 3d printed microscope with mechanical stage and Royal Microscopical Society-threaded objectives by Tinkerheart"
https://www.printables.com/model/16996-airmanagerv2-recirculating-air-filter-for-3d-print	AirManagerV2 recirculating air filter for 3d printing enclosure by SCHWEINERT.COM
https://www.printables.com/model/171162-coverslip-holder-22-x-22-mm	Coverslip Holder (22 x 22 mm) by Matthew B
https://www.printables.com/model/171167-tipnoflip-stabilizer-for-thermo-scientific-art-10-	TipNoFlip - Stabilizer for Thermo Scientific ART 10 µL Tip Box by Matthew B
https://www.printables.com/model/171170-pcr-qpcr-plate-loading-guide	PCR qPCR Plate Loading Guide by Matthew B
https://www.printables.com/model/171172-02-ml-pcr-tube-rotor-for-mini-microcentrifuge	0.2 mL PCR Tube Rotor for Mini-Microcentrifuge by Matthew B
https://www.printables.com/model/171175-250-ml-laboratory-flask-holder	250 mL Laboratory Flask Holder by Matthew B
https://www.printables.com/model/171187-freezer-box-insert-for-02-ml-pcr-tubes-tube-strips	Freezer Box Insert for 0.2 mL PCR Tubes & Tube Strips by Matthew B
https://www.printables.com/model/171284-1550ml-conical-tube-holder	15/50mL Conical Tube Holder by VoodooScience
https://www.printables.com/model/171364-storage-tray-for-barocycler-caps	Storage Tray for Barocycler Caps by SteveW91
https://www.printables.com/model/171367-barocycler-cap-tray-sorter	Barocycler Cap Tray Sorter by SteveW91
https://www.printables.com/model/171536-interlocking-tube-rack-stand-10-x-50-ml	Interlocking tube rack stand (10 x 50 ml) by Baltojikale
https://www.printables.com/model/171670-particle-analysis-mesh-funnel	Particle Analysis Mesh Funnel by DrScienceBox
https://www.printables.com/model/172081-3d-printed-slide-box	3D Printed Slide Box by Blablabliam
https://www.printables.com/model/1724-compact-battery-and-usb-powered-magnetic-stirrer model|Printables.com	"Compact, battery and USB powered, magnetic stirrer by Martin_au"
https://www.printables.com/model/174515-gridfinity-pick-tweezer-racks-by-zack-freedman	Gridfinity Pick + Tweezer Racks by Zack Freedman by _cybermouse_
https://www.printables.com/model/175480-chemistry-magnet-fisher	Chemistry magnet Fisher by 01101001
https://www.printables.com/model/177767-19mm-desiccator-rack	19mm Desiccator rack by Aaron
https://www.printables.com/model/177794-fred-with-cowboy-hat-as-a-tube-holder	Fred with Cowboy Hat as a Tube Holder by Aaron
https://www.printables.com/model/179736-modular-eppendorf-tube-rack-v20	Modular Eppendorf Tube Rack V2.0 by destroyer2012
https://www.printables.com/model/179737-petri-dish-gripper-for-opentrons	Petri Dish Gripper for OpenTrons by destroyer2012
https://www.printables.com/model/179747-modular-magnetic-tube-rack	Modular magnetic tube rack by destroyer2012
https://www.printables.com/model/179748-modular-eppendorf-tube-rack	Modular Eppendorf Tube Rack by destroyer2012
https://www.printables.com/model/179750-microscope-webcam-mount	Microscope Webcam Mount by destroyer2012
https://www.printables.com/model/180109-fractal-vise	Fractal Vise by TeachingTech
https://www.printables.com/model/180944-microscope-phone-mount	Microscope Phone Mount by Jeromy
https://www.printables.com/model/181438-80mm-petri-dish-holder	80mm Petri Dish Holder by Fusion
https://www.printables.com/model/184771-filter-sieve	Filter Sieve by Klave
https://www.printables.com/model/187312-fume-illuminator-and-fume-extractor-for-120mm-pc-f	Fume Illuminator (and Fume Extractor) for 120mm PC fan by LordSkippy
https://www.printables.com/model/188075-gridfinity-funnel	gridfinity funnel by Jools
https://www.printables.com/model/18868-test-tube-rack-mk2	Test Tube Rack MK2 by MilStrata Manufacturing
https://www.printables.com/model/191580-tweezer-holder-6-slots	Tweezer holder 6 slots by Daniel-Waiger
https://www.printables.com/model/1923-dual-dps5005-bench-power-supply	Dual DPS5005 Bench Power Supply by GreatOldOne
https://www.printables.com/model/193682-microscope-slides-holder	Microscope slides holder by xSXHCx
https://www.printables.com/model/196557-stand-for-schlenk-tubes-schlenkrohrstander	Stand for schlenk tubes (Schlenkrohrständer) by Arne S
https://www.printables.com/model/196598-test-tube-holder-with-space-for-schlenk-straus-ven	Test Tube holder with space for Schlenk / Straus vent by jazerix
https://www.printables.com/model/196727-stand-for-four-16-mm-test-tubes-stander-fur-vier-1	Stand for four 16 mm test tubes/ Ständer für vier 16 mm Reagenzgläser by Alex W.
https://www.printables.com/model/196859-holder-for-gel-combs	Holder for gel combs by ScienceDino
https://www.printables.com/model/19823-a-camera-for-a-microscope	A camera for a microscope by ManelTo
https://www.printables.com/model/199490-bd-bead-bottle-stand	BD Bead bottle stand by Daniel-Waiger
https://www.printables.com/model/199521-tweezer-stand-for-straight-and-curved-tips	Tweezer stand for straight and curved tips by Daniel-Waiger
https://www.printables.com/model/199667-falcon-and-eppendorf-tube-rack	Falcon and Eppendorf Tube Rack by Dad's Friendly Robot Co.
https://www.printables.com/model/201319-hexagonal-cryovial-rack	Hexagonal Cryovial Rack by gringer
https://www.printables.com/model/201326-dachshund-tube-holder-cleaned-model	Dachshund Tube Holder (cleaned model) by gringer
https://www.printables.com/model/201364-pcr-tube-adapter-for-15ml-racks	PCR Tube Adapter for 1.5ml Racks by gringer
https://www.printables.com/model/202526-spoon-spatula-for-chemistry-experiment-set-loffels	Spoon spatula for Chemistry experiment set/ Löffelspatel für Experimentiersatz Chemie by Alex W.
https://www.printables.com/model/203977-din-rail-stand	DIN Rail stand by Nakapan
https://www.printables.com/model/206109-tyrap-tie-wrap-ziptie-or-cable-ties	"Tyrap, tie-wrap, ziptie or cable ties by Ben D"
https://www.printables.com/model/206-table-clamp	Table clamp by Josef Pr?ša
https://www.printables.com/model/207061-16x100mm-test-tube-rackbox	16x100mm Test tube rack/box by david_gliding
https://www.printables.com/model/211174-nmr-tubes-stand-with-a-place-for-flask	NMR tubes stand with a place for flask by Krokodyl
https://www.printables.com/model/212032-coverslip-box	Coverslip box by Spotmatic
https://www.printables.com/model/21291-lego-sorting-trays	Lego Sorting Trays by art_fpv
https://www.printables.com/model/214124-microfluidic-gradient-generator	Microfluidic Gradient Generator by Quinn
https://www.printables.com/model/216183-tube-rack-for-fish-microscopy-slide-handling	Tube rack for FISH microscopy slide handling by kirk3gaard
https://www.printables.com/model/216184-qiacube-adapter-tray	Qiacube adapter tray by kirk3gaard
https://www.printables.com/model/216189-eppendorf-rack-with-custom-text-and-tubes	Eppendorf rack with custom text and tubes by kirk3gaard
https://www.printables.com/model/216575-guard-for-eppendorf-multichannel-pipette	Guard for Eppendorf Multichannel Pipette by SteveW91
https://www.printables.com/model/216831-squeeze-bottle-cap	Squeeze bottle cap by Dantrimental
https://www.printables.com/model/21788-the-fumagator	The Fumagator by KH
https://www.printables.com/model/219026-coulter-counter-sample-cup-holder-modular	Coulter Counter Sample Cup Holder (modular) by nCeon
https://www.printables.com/model/219042-motorized-camera-rail-for-macro-photography	Motorized Camera Rail for Macro Photography by CNC Kitchen
https://www.printables.com/model/219119-gasket-for-cast-in-place-agarose-gel-trays-flexibl	Gasket for Cast in Place Agarose Gel Trays (Flexible Filament) by nCeon
https://www.printables.com/model/220792-pcr-tube-rack	PCR Tube Rack by Nitrocubane
https://www.printables.com/model/225230-gel-electrophoresis-comb	Gel Electrophoresis Comb by apaik5
https://www.printables.com/model/22549-x6-tweezers	(x6) Tweezers by djedje_zr7
https://www.printables.com/model/226412-rack-for-isoflow-elementar-vial	Rack for isoFlow Elementar Vial by DarkstarHB
https://www.printables.com/model/226626-20ml-vial-holder	20ml Vial Holder by Pioreactor
https://www.printables.com/model/226869-vial-rack-4ml	Vial Rack 4ml by DerLift
https://www.printables.com/model/228702-e-mount-to-microscope-adapter	E-mount to microscope adapter by FuzzyRaptor
https://www.printables.com/model/230206-magentic-lab-tube-holder	Magentic lab tube holder by inversebit
https://www.printables.com/model/230279-mini-benchtop-centrifuge-for-pcr-strips-and-tubes	Mini benchtop centrifuge for PCR strips and tubes by VSP
https://www.printables.com/model/231421-sand-blaster-glove-box-glove-port-holder-rings	Sand Blaster Glove Box Glove Port Holder Rings by DJEuthyphro
https://www.printables.com/model/232010-250ml-conical-tube-holder	250ml Conical Tube Holder by VK3BQ
https://www.printables.com/model/232702-expandable-photo-studio	Expandable photo studio by 3db.creation
https://www.printables.com/model/23297-pascn3d-mk0-3d-scanner-prusaprinters-contest-editi	PaScn3D Mk.0 - 3D Scanner [PrusaPrinters Contest Edition] by Tomasz P.
https://www.printables.com/model/235734-test-tube-stand	Test tube stand by Yoghurt
https://www.printables.com/model/236241-test-tube-holder	Test Tube Holder by rngilligan
https://www.printables.com/model/236800-50ml-conical-tube-cooler	50mL conical tube COOLER by paulorfo
https://www.printables.com/model/236858-western-blotting-box-11-divisions	Western Blotting Box (11 divisions) by paulorfo
https://www.printables.com/model/237042-canon-ef-to-microscope-adapter	Canon EF to Microscope adapter by 3D_Printing_Enjoyer
https://www.printables.com/model/237091-barocycler-tube-tray-homogenization-lid	Barocycler tube tray homogenization lid by SteveW91
https://www.printables.com/model/237221-nunc-cryobank-vial-handleopener	Nunc Cryobank Vial handle/opener by wavexx
https://www.printables.com/model/237231-35mm-petriibidi-dish-rackinlay	35mm Petri/Ibidi dish rack/inlay by wavexx
https://www.printables.com/model/237723-microscope-slide-trays-6x-8x	"Microscope slide trays (6x, 8x) by wavexx"
https://www.printables.com/model/237724-35mm-petriibidi-u-dish-tray	35mm Petri/Ibidi µ-Dish tray by wavexx
https://www.printables.com/model/237728-8cm-gel-scraper	8cm Gel scraper by wavexx
https://www.printables.com/model/239578-15ml-magnetic-separation-rack	1.5ml magnetic separation rack by wavexx
https://www.printables.com/model/240360-laboratory-vial-organiser-quick-print-13mm-19mm-26	"Laboratory Vial Organiser Quick Print (13mm, 19mm, 26mm) by DrBenC"
https://www.printables.com/model/241195-50-ml-falcon-tube-cover	50 mL Falcon tube cover by AtomicVirology
https://www.printables.com/model/241732-microtube-rack-bead-dispenser	Microtube Rack Bead Dispenser by SteveW91
https://www.printables.com/model/241983-4x-shorter-5mm-radius-test-tube-holder	4x Shorter 5mm-Radius Test Tube Holder by InventorIan
https://www.printables.com/model/244698-petri-dish-holder-adapter	Petri dish holder / adapter by Patrich
https://www.printables.com/model/244752-gridfinity-deburring-tool	gridfinity deburring tool by TrackZero
https://www.printables.com/model/245273-holder-to-fit-100-ml-measuring-flask-in-drawers-me	Holder to fit 100 mL measuring flask in drawers - Messkolbenhalter für Schubladen by Arne S
https://www.printables.com/model/245721-stand-for-gravity-flow-columns-used-in-protein-pur	Stand for Gravity Flow Columns used in Protein Purification by Stefan Huber
https://www.printables.com/model/247719-cryo-em-sample-box-container	Cryo-EM sample box container by Stefan Huber
https://www.printables.com/model/249606-type-45-ti-tube-holders	Type 45 Ti Tube Holders by Andrew3D
https://www.printables.com/model/250760-phone-holder-for-kosmos-microscope-modifiable-moto	Phone holder for Kosmos microscope (modifiable; Motorola G6Plus) by seekerbot
https://www.printables.com/model/251846-90-mm-petri-dish-holder	90 mm Petri dish holder by Cristian Trisca
https://www.printables.com/model/252017-parametric-culture-slant-rack	Parametric culture slant rack by keegan
https://www.printables.com/model/25201-hexabox-modular-and-interlocking-storage-system	Hexabox (modular and interlocking storage system) by Mario
https://www.printables.com/model/25439-elelab_v2-base	EleLab_v2 Base by Chrismettal - Binary-6
https://www.printables.com/model/25440-elelab_v2-component-tester	EleLab_v2 Component Tester by Chrismettal - Binary-6
https://www.printables.com/model/25441-elelab_v2-dso138	EleLab_v2 DSO138 by Chrismettal - Binary-6
https://www.printables.com/model/25442-elelab_v2-lab-supply-fixed	EleLab_v2 Lab Supply Fixed by Chrismettal - Binary-6
https://www.printables.com/model/25443-elelab_v2-lab-supply-variable	EleLab_v2 Lab Supply Variable by Chrismettal - Binary-6
https://www.printables.com/model/25444-elelab_v2-resistor-decade	EleLab_v2 Resistor Decade by Chrismettal - Binary-6
https://www.printables.com/model/25445-elelab_v2-supply-from-sfx	EleLab_v2 Supply from SFX by Chrismettal - Binary-6
https://www.printables.com/model/25561-dremel-centrifuge-addon	dremel centrifuge addon by Jan-Maarten
https://www.printables.com/model/257856-blood-sample-rack	Blood sample rack by Bobik189
https://www.printables.com/model/258135-microscope-blade-box	Microscope blade box by Mimo47
https://www.printables.com/model/25851-elelab_v2-supply-from-24-v	EleLab_v2 Supply from 24 V by Chrismettal - Binary-6
https://www.printables.com/model/25954-digital-scale-tray	Digital Scale Tray by Karel
https://www.printables.com/model/25955-box-for-plastic-capsules	Box for Plastic Capsules by Karel
https://www.printables.com/model/25990-stackable-sieves	Stackable Sieves by CNC Kitchen
https://www.printables.com/model/26481-immunohistochemistry-staining-chamber-for-medical-	Immunohistochemistry Staining Chamber for Medical Research (8 Slide Holder) by Robert
https://www.printables.com/model/26487-immunohistochemistry-staining-chamber-for-medical-	Immunohistochemistry Staining Chamber for Medical Research (2 Slide Holder) by Robert
https://www.printables.com/model/26492-microscope-slide-holder-10-slides-flat	Microscope Slide Holder (10 slides flat) by Robert
https://www.printables.com/model/266303-lab-doors-foldable-signs	Lab doors foldable signs by Filip So?nicki
https://www.printables.com/model/268277-gel-comb-for-electrophoresis	Gel comb for electrophoresis by ixeft
https://www.printables.com/model/269991-vial-holder-with-arms	Vial Holder with arms by betaiv
https://www.printables.com/model/27077-box-for-atomic-force-microscopy-samples	Box for Atomic Force Microscopy Samples by BOKU Nawaros
https://www.printables.com/model/27346-popscope-pop-bottle-digital-microscope-to-run-your	popSCOPE: Pop bottle digital microscope to run your own biological experiments by Robert
https://www.printables.com/model/274337-micropipette-carousel-stand	Micropipette Carousel Stand by Madbee
https://www.printables.com/model/274739-flabs-diybio-centrifuge-repaired-and-new-electroni	F.Lab's DIYbio Centrifuge Repaired and New Electronics by reefab
https://www.printables.com/model/275475-caliper-and-bottle-opener	Caliper and Bottle opener by veverka1101
https://www.printables.com/model/276177-20ml-scintillation-vial-holder	20mL scintillation vial holder by Tim Galos
https://www.printables.com/model/276501-smd-tester-tweezers	SMD tester tweezers by Klave
https://www.printables.com/model/276989-universal-tube-stand	universal tube stand by LukasPekarek
https://www.printables.com/model/277681-battery-box	Battery Box by Thomas McMaster
https://www.printables.com/model/279268-16mm-test-tube-rack	16mm Test Tube Rack by phidesigned
https://www.printables.com/model/27938-boxscope-run-your-own-biological-experiments	boxSCOPE: Run your own biological experiments! by Robert
https://www.printables.com/model/279432-easy-stir-plate	Easy Stir Plate by Bearic
https://www.printables.com/model/281457-microscope-slide-holder	Microscope Slide Holder by username235
https://www.printables.com/model/281833-automatic-resin-mixer	Automatic Resin Mixer by KrzCich
https://www.printables.com/model/281912-bench-mountable-4-jaw-3-jaw-2-jaw-vise-with-swappa	Bench Mountable 4-Jaw / 3-Jaw / 2-Jaw Vise with Swappable Jaws - 100% Printable! by Sneaks
https://www.printables.com/model/282516-50ml-falcon-tube-holder	50ml Falcon tube holder by N/m^2
https://www.printables.com/model/287800-80mm-fan-stir-plate-remix	80mm Fan Stir Plate Remix by Blablabliam
https://www.printables.com/model/28787-dipping-chambers-for-thin-layer-chromatography	Dipping Chambers for Thin Layer Chromatography by BOKU Nawaros
https://www.printables.com/model/289527-petri-dish-rack	Petri dish rack by The Humble One
https://www.printables.com/model/289817-drzak-zkumavek-30ks-15mm-prumer	Držák zkumavek 30ks (15mm pr?m?r) by martin_pihrt
https://www.printables.com/model/290118-vice-grabber-the-sinfully-strong-vise-grip	VICE GRABBER - The Sinfully Strong Vise Grip by Hank
https://www.printables.com/model/290277-turning-table	Turning Table by MonkeyMK
https://www.printables.com/model/291497-50-ml-falcon-tube-clip-holder	50 mL Falcon tube clip holder by bart
https://www.printables.com/model/291498-falconcorning-tube-stands	Falcon/Corning tube stands by bart
https://www.printables.com/model/291501-vial-holder-for-stirring-multiple-vials-on-lab-sti	Vial holder for stirring multiple vials on lab stirrer/hotplate by bart
https://www.printables.com/model/291503-finn-pipetteadjustable-air-displacement-pipette-ho	Finn pipette/adjustable air displacement pipette holder by bart
https://www.printables.com/model/291588-soul-drill-hand-cranked-squeeze-drill	Soul Drill: Hand cranked squeeze drill by Frank Soul
https://www.printables.com/model/291774-30-mm-test-tube-holder	30 mm Test Tube Holder by Filament Fresser
https://www.printables.com/model/292516-opentrons-ot-2-configuration-block	Opentrons OT-2 Configuration Block by andrewlb
https://www.printables.com/model/293246-test-tube-stand	Test Tube Stand by StickyRib
https://www.printables.com/model/294163-drierite-gas-drying-unit-mounting-bracket	Drierite Gas Drying Unit Mounting Bracket by Bobertsawesome
https://www.printables.com/model/29620-diy-laboratory-glove-box	DIY laboratory glove box by Scientia7
https://www.printables.com/model/298163-50ml-tube-2x4-rack	50mL tube 2x4 rack by Stjepan Vlahovi?
https://www.printables.com/model/300990-single-rack-for-micro-centrifuge-tube	Single Rack for Micro centrifuge tube by Zen does Prints
https://www.printables.com/model/301978-16x4-rack-for-15-or-2-ml-microcentrifuge-tubes-epp	"16x4 Rack for 1.5 or 2 mL Microcentrifuge Tubes (""Eppis"") by Stefan Huber"
https://www.printables.com/model/32229-dual-rd6006-rd6012-bench-supply	Dual RD6006 / RD6012 Bench Supply by GreatOldOne
https://www.printables.com/model/33650-customized-shaker-platforms-for-diybio-orbital-sha	Customized shaker platforms for DIYbio Orbital Shaker by Kabong
https://www.printables.com/model/3407-articulating-raspberry-pi-camera-mount-for-prusa-m	Articulating Raspberry Pi Camera Mount for Prusa MK3 and MK2 by Sneaks
https://www.printables.com/model/34210-power-supply-case	Power supply case by wociscz
https://www.printables.com/model/3569-power-switch-label	Power Switch Label by zcassell
https://www.printables.com/model/37493-stirplate-for-homebrewing-and-more-the-yeastmaster	Stirplate for homebrewing and more - The Yeastmaster Stirplate by /dev/tea
https://www.printables.com/model/38750-lab-power-supply-cheap-powerful	Lab Power Supply (Cheap & Powerful) by JKSniper
https://www.printables.com/model/39263-cat-eppendorf-tube-holder	Cat eppendorf tube holder by Razzer09
https://www.printables.com/model/39268-honeycomb-tube-rack	Honeycomb Tube Rack by Razzer09
https://www.printables.com/model/42885-50ml-tube-rack	50ml Tube Rack by ma
https://www.printables.com/model/45912-gradilla-examen-pcr-covid-19	Gradilla Examen PCR - COVID-19 by CCR Collipulli
https://www.printables.com/model/46398-microscope-slide-workbox	Microscope Slide Workbox by Chris Dee
https://www.printables.com/model/50151-modular-miniature-vice	Modular miniature vice by HD_Creator
https://www.printables.com/model/51074-fast-operation-vise	Fast-Operation Vise by bitsplusatoms
https://www.printables.com/model/51301-charger-cable-organizer	Charger Cable Organizer by DFV Tech
https://www.printables.com/model/52568-low-cost-plate-shaker	Low-cost plate shaker by whoppingpochard
https://www.printables.com/model/52569-magnetic-plate-stand	Magnetic plate stand by whoppingpochard
https://www.printables.com/model/52572-low-cost-lab-rotator	Low-cost lab rotator by whoppingpochard
https://www.printables.com/model/52581-usa-scientific-11-ml-strip-tubes-parametric	USA Scientific 1.1 mL strip tubes (parametric) by whoppingpochard
https://www.printables.com/model/52591-monarch-butterfly-conical-tube-rack	Monarch butterfly conical tube rack by whoppingpochard
https://www.printables.com/model/53471-miniature-vice-20-much-easier-to-assemble-and-100-	Miniature Vice 2.0 (much easier to assemble and 100% printable) by HD_Creator
https://www.printables.com/model/54214-endless-customizable-interchangeable-shelf	"ENDLESS customizable, interchangeable shelf by Kashimi"
https://www.printables.com/model/55436-stackable-rack-solid-version	Stackable Rack (solid version) by BOKU Nawaros
https://www.printables.com/model/55442-stackable-rack-light-version	Stackable Rack (light version) by BOKU Nawaros
https://www.printables.com/model/55644-universal-pcb-dindesktop-adjustable-holder	Universal PCB DIN/Desktop adjustable holder by ICT Avatar
https://www.printables.com/model/55862-desk-mount-headphone-holder-mount-clamp-reversed-c	Desk Mount Headphone Holder / Mount / Clamp - reversed cable holder by Beaver
https://www.printables.com/model/56484-96-deep-well-38degree-pcr-tray-stand	96 Deep Well 38Degree PCR tray stand by VK3BQ
https://www.printables.com/model/56906-magnetic-stirrer	Magnetic Stirrer by Cristian Trisca
https://www.printables.com/model/56992-incastro-desk-organizer	Incastro. Desk organizer. by Davideantonello
https://www.printables.com/model/5747-vial-rack-for-4-ml-15x45mm-or-12-ml-15x100mm-vials	Vial rack for 4 ml (15x45mm) or 12 ml (~15x100mm) vials. by Martin_au
https://www.printables.com/model/57614-umb-ultimate-modular-box-system-more-than-30-param	UMB - ULTIMATE MODULAR BOX SYSTEM! More than 30 parametric parts for you customize your storage by R3Design
https://www.printables.com/model/60793-kompaktni-stojanek-na-zkumavky-a-eppendorf-zkumavk	Kompaktní stojánek na zkumavky a eppendorf zkumavky by kubamxbot
https://www.printables.com/model/60815-flat-tweezers-for-biological-samples	flat tweezers for biological samples by jmvspeleo
https://www.printables.com/model/61293-dremel-laboratory-centrifuge	Dremel laboratory centrifuge by eurad
https://www.printables.com/model/64318-watch-it-grow	Watch it grow by MoeDaraz
https://www.printables.com/model/65275-ghs-hazard-symbols	GHS Hazard Symbols by Maeshmaker
https://www.printables.com/model/65687-miniature-vice-20-100-printed-no-metal-parts-requi	"Miniature Vice 2.0 => 100% printed, no metal parts required by HD_Creator"
https://www.printables.com/model/65887-callisto-2-fully-printable-retro-computer	Callisto 2 - Fully Printable Retro Computer by LowBudgetTech
https://www.printables.com/model/65922-silica-gel-spool-container	Silica gel spool container by gdrag
https://www.printables.com/model/66091-single-test-tube-stand	Single test tube stand by Graciela
https://www.printables.com/model/66969-dsc-crucible-holder	DSC Crucible Holder by Klein
https://www.printables.com/model/67030-dsc-crucible-holder	DSC Crucible Holder by Klein
https://www.printables.com/model/68959-labpower-lab-bench-power-supply	LabPower - Lab bench power supply by HLW
https://www.printables.com/model/7066-lab-power-supply	Lab Power Supply by Andreas Gohr
https://www.printables.com/model/7244-crickit-lab-shaker	Crickit Lab Shaker by Adafruit
https://www.printables.com/model/7271-heat-set-insert-press	Heat Set Insert Press by Adafruit
https://www.printables.com/model/73359-pcr-strip-magnet	PCR strip magnet by Pulpandante
https://www.printables.com/model/7416-parallel-marking-tool	Parallel Marking Tool by schiffer-soft.de
https://www.printables.com/model/7422-center-find-tool	Center Find Tool by schiffer-soft.de
https://www.printables.com/model/76018-mechanical-tally-counter-50	Mechanical Tally Counter 5.0 by FredrikHamrebjorkDesigns
https://www.printables.com/model/76714-resin-straining	Resin Straining by Ziyay
https://www.printables.com/model/77937-lid-tightener	Lid tightener by G J
https://www.printables.com/model/7927-locking-ball-and-socket-arm	Locking ball and socket arm by Alex R
https://www.printables.com/model/79328-filter-holder-for-cell-sorter	Filter Holder for Cell Sorter by gringer
https://www.printables.com/model/79333-falcon-tube-holder-15-50-ml	Falcon Tube Holder (15 + 50 ml) by gringer
https://www.printables.com/model/79347-flared-falcon-tube-holder-hex-holes	Flared Falcon Tube Holder (hex holes) by gringer
https://www.printables.com/model/79367-universal-tube-rack	Universal Tube Rack by gringer
https://www.printables.com/model/79377-magnetic-rack	Magnetic Rack by gringer
https://www.printables.com/model/79392-petri-dish-stencil	Petri Dish Stencil by gringer
https://www.printables.com/model/79397-8mm-pipette-stand	8mm Pipette Stand by gringer
https://www.printables.com/model/79402-handfuge-hand-powered-centrifuge	HandFuge - Hand-powered centrifuge by gringer
https://www.printables.com/model/79404-hand-crank-centrifuge	Hand-crank Centrifuge by gringer
https://www.printables.com/model/79413-falcon-tube-funnel	Falcon Tube Funnel by gringer
https://www.printables.com/model/79435-nanopore-tube-rack	Nanopore Tube Rack by gringer
https://www.printables.com/model/79437-customisable-tube-rack	Customisable Tube Rack by gringer
https://www.printables.com/model/80669-open-source-syringe-pump-remix	Open Source Syringe Pump (Remix) by ntdesign
https://www.printables.com/model/83864-precision-tweezers-v2-3d-folding	Precision Tweezers v2 - 3D Folding by M4NU
https://www.printables.com/model/83917-microscope-eyepiece-cover	Microscope Eyepiece Cover by Ricardocab
https://www.printables.com/model/83943-glass-pasteur-pipette-holder	Glass Pasteur Pipette Holder by Wahsnorc
https://www.printables.com/model/84614-heavy-duty-battery-powered-solder-fume-extractor	Heavy Duty Battery Powered Solder Fume Extractor by lewosh
https://www.printables.com/model/8484-wire-rack-cup-holder	"Wire Rack ""CUP"" Holder by NotLikeALeafOnTheWind"
https://www.printables.com/model/89030-test-tube-stand	Test tube stand by SaddamCZ
https://www.printables.com/model/89506-tape-cutter	Tape Cutter by Kevin.S3
https://www.printables.com/model/93044-bd-vacutainer-holder	BD Vacutainer holder by Detail Art Factory
https://www.printables.com/model/94884-adjustable-spray-paint-stand	Adjustable Spray Paint Stand by Ryan Millar
https://www.printables.com/model/97464-lab-stand	Lab stand by Jan Onderka
https://www.printables.com/model/98031-electrochem-50ml-beaker-cover	Electrochem 50mL Beaker Cover by JasonDoezStuff
https://www.printables.com/model/98131-mini-lab-bench-power-supply-dps3003-powered-by-ein	Mini Lab Bench Power Supply (DPS3003) Powered by Einhell Batteries or DC Source by Hans
https://www.thingiverse.com/thing:1005879	
https://www.thingiverse.com/thing:1009990	
https://www.thingiverse.com/thing:103589	
https://www.thingiverse.com/thing:105714	
https://www.thingiverse.com/thing:105723	
https://www.thingiverse.com/thing:10617	
https://www.thingiverse.com/thing:1080923	
https://www.thingiverse.com/thing:1085472	
https://www.thingiverse.com/thing:109040	
https://www.thingiverse.com/thing:109134	
https://www.thingiverse.com/thing:1094207	
https://www.thingiverse.com/thing:1102629	
https://www.thingiverse.com/thing:1114625	
https://www.thingiverse.com/thing:1132124	
https://www.thingiverse.com/thing:1141821	
https://www.thingiverse.com/thing:1147399	
https://www.thingiverse.com/thing:1147422	
https://www.thingiverse.com/thing:11621	
https://www.thingiverse.com/thing:116610	
https://www.thingiverse.com/thing:1167460	
https://www.thingiverse.com/thing:1175393	
https://www.thingiverse.com/thing:1175415	
https://www.thingiverse.com/thing:119443	
https://www.thingiverse.com/thing:1201466	
https://www.thingiverse.com/thing:1205032	
https://www.thingiverse.com/thing:1205671	
https://www.thingiverse.com/thing:1226076	
https://www.thingiverse.com/thing:1227165	
https://www.thingiverse.com/thing:1233383	
https://www.thingiverse.com/thing:12390	
https://www.thingiverse.com/thing:125428	
https://www.thingiverse.com/thing:125904	
https://www.thingiverse.com/thing:1259352	
https://www.thingiverse.com/thing:1275475	
https://www.thingiverse.com/thing:1282936	
https://www.thingiverse.com/thing:12948	
https://www.thingiverse.com/thing:1301771	
https://www.thingiverse.com/thing:1302039	
https://www.thingiverse.com/thing:1303678	
https://www.thingiverse.com/thing:1304176	
https://www.thingiverse.com/thing:1317649	
https://www.thingiverse.com/thing:1317757	
https://www.thingiverse.com/thing:1321230	
https://www.thingiverse.com/thing:1324906	
https://www.thingiverse.com/thing:1328648	
https://www.thingiverse.com/thing:1346188	
https://www.thingiverse.com/thing:1349230	
https://www.thingiverse.com/thing:1349312	
https://www.thingiverse.com/thing:1364384	
https://www.thingiverse.com/thing:1377957	
https://www.thingiverse.com/thing:1388295	
https://www.thingiverse.com/thing:1388544	
https://www.thingiverse.com/thing:1389077	
https://www.thingiverse.com/thing:1422143	
https://www.thingiverse.com/thing:1425751	
https://www.thingiverse.com/thing:1430769	
https://www.thingiverse.com/thing:1439754	
https://www.thingiverse.com/thing:144838	
https://www.thingiverse.com/thing:1482	
https://www.thingiverse.com/thing:1483	
https://www.thingiverse.com/thing:1485384	
https://www.thingiverse.com/thing:1490539	
https://www.thingiverse.com/thing:1504643	
https://www.thingiverse.com/thing:153334	
https://www.thingiverse.com/thing:1535959	
https://www.thingiverse.com/thing:1546334	
https://www.thingiverse.com/thing:1552213	
https://www.thingiverse.com/thing:1565888	
https://www.thingiverse.com/thing:1588776	
https://www.thingiverse.com/thing:159052	
https://www.thingiverse.com/thing:1616887	
https://www.thingiverse.com/thing:1627472	
https://www.thingiverse.com/thing:1635717	
https://www.thingiverse.com/thing:1639824	
https://www.thingiverse.com/thing:1644388	
https://www.thingiverse.com/thing:1646076	
https://www.thingiverse.com/thing:1646823	
https://www.thingiverse.com/thing:1646999	
https://www.thingiverse.com/thing:1660555	
https://www.thingiverse.com/thing:1661962	
https://www.thingiverse.com/thing:1663540	
https://www.thingiverse.com/thing:1677293	
https://www.thingiverse.com/thing:16842	
https://www.thingiverse.com/thing:1694	
https://www.thingiverse.com/thing:1700383	
https://www.thingiverse.com/thing:1712109	
https://www.thingiverse.com/thing:1714879	
https://www.thingiverse.com/thing:1716812	
https://www.thingiverse.com/thing:1719128	
https://www.thingiverse.com/thing:172145	
https://www.thingiverse.com/thing:17343	
https://www.thingiverse.com/thing:1743145	
https://www.thingiverse.com/thing:1761733	
https://www.thingiverse.com/thing:1768834	
https://www.thingiverse.com/thing:1771176	
https://www.thingiverse.com/thing:1772423	
https://www.thingiverse.com/thing:1778115	
https://www.thingiverse.com/thing:1787860	
https://www.thingiverse.com/thing:17984	
https://www.thingiverse.com/thing:1804474	
https://www.thingiverse.com/thing:1811002	
https://www.thingiverse.com/thing:1820146	
https://www.thingiverse.com/thing:1822	
https://www.thingiverse.com/thing:182640	
https://www.thingiverse.com/thing:185120	
https://www.thingiverse.com/thing:1854976	
https://www.thingiverse.com/thing:1865014	
https://www.thingiverse.com/thing:1904480	
https://www.thingiverse.com/thing:1920151	
https://www.thingiverse.com/thing:192052	
https://www.thingiverse.com/thing:1940320	
https://www.thingiverse.com/thing:1950473	
https://www.thingiverse.com/thing:1995138	
https://www.thingiverse.com/thing:1995695	
https://www.thingiverse.com/thing:2006327	
https://www.thingiverse.com/thing:2011335	
https://www.thingiverse.com/thing:20189	
https://www.thingiverse.com/thing:2019290	
https://www.thingiverse.com/thing:2031728	
https://www.thingiverse.com/thing:203734	
https://www.thingiverse.com/thing:2041753	
https://www.thingiverse.com/thing:2042158	
https://www.thingiverse.com/thing:2046817	
https://www.thingiverse.com/thing:2048	
https://www.thingiverse.com/thing:2051953	
https://www.thingiverse.com/thing:2059751	
https://www.thingiverse.com/thing:208430	
https://www.thingiverse.com/thing:2085223	
https://www.thingiverse.com/thing:2108260	
https://www.thingiverse.com/thing:2109025	
https://www.thingiverse.com/thing:2111621	
https://www.thingiverse.com/thing:2119368	
https://www.thingiverse.com/thing:2120173	
https://www.thingiverse.com/thing:2135232	
https://www.thingiverse.com/thing:214466	
https://www.thingiverse.com/thing:2179411	
https://www.thingiverse.com/thing:2237638	
https://www.thingiverse.com/thing:2246078	
https://www.thingiverse.com/thing:2248718	
https://www.thingiverse.com/thing:2255301	
https://www.thingiverse.com/thing:2267017	
https://www.thingiverse.com/thing:2272015	
https://www.thingiverse.com/thing:2292246	
https://www.thingiverse.com/thing:2298151	
https://www.thingiverse.com/thing:2298348	
https://www.thingiverse.com/thing:2301024	
https://www.thingiverse.com/thing:2303697	
https://www.thingiverse.com/thing:2308282	
https://www.thingiverse.com/thing:2311	
https://www.thingiverse.com/thing:2321751	
https://www.thingiverse.com/thing:2336137	
https://www.thingiverse.com/thing:2350082	
https://www.thingiverse.com/thing:2350599	
https://www.thingiverse.com/thing:2368879	
https://www.thingiverse.com/thing:238694	
https://www.thingiverse.com/thing:239105	
https://www.thingiverse.com/thing:2400841	
https://www.thingiverse.com/thing:2407284	
https://www.thingiverse.com/thing:2413630	
https://www.thingiverse.com/thing:2415325	
https://www.thingiverse.com/thing:2415507	
https://www.thingiverse.com/thing:2422404	
https://www.thingiverse.com/thing:242777	
https://www.thingiverse.com/thing:2438293	
https://www.thingiverse.com/thing:24383	
https://www.thingiverse.com/thing:2443095	
https://www.thingiverse.com/thing:2443148	
https://www.thingiverse.com/thing:2443840	
https://www.thingiverse.com/thing:2450705	
https://www.thingiverse.com/thing:2460093	
https://www.thingiverse.com/thing:2464223	
https://www.thingiverse.com/thing:2468051	
https://www.thingiverse.com/thing:2471753	
https://www.thingiverse.com/thing:2485063	
https://www.thingiverse.com/thing:2487339	
https://www.thingiverse.com/thing:2487351	
https://www.thingiverse.com/thing:2487363	
https://www.thingiverse.com/thing:2493	
https://www.thingiverse.com/thing:2495213	
https://www.thingiverse.com/thing:2498139	
https://www.thingiverse.com/thing:2525155	
https://www.thingiverse.com/thing:2526104	
https://www.thingiverse.com/thing:2529859	
https://www.thingiverse.com/thing:2539830	
https://www.thingiverse.com/thing:2542470	
https://www.thingiverse.com/thing:2543148	
https://www.thingiverse.com/thing:2543464	
https://www.thingiverse.com/thing:2546766	
https://www.thingiverse.com/thing:2553333	
https://www.thingiverse.com/thing:255519	
https://www.thingiverse.com/thing:2562937	
https://www.thingiverse.com/thing:2567141	
https://www.thingiverse.com/thing:2568149	
https://www.thingiverse.com/thing:2568585	
https://www.thingiverse.com/thing:257254	
https://www.thingiverse.com/thing:2578853	
https://www.thingiverse.com/thing:257928	
https://www.thingiverse.com/thing:2585063	
https://www.thingiverse.com/thing:2618400	
https://www.thingiverse.com/thing:2619459	
https://www.thingiverse.com/thing:2619479	
https://www.thingiverse.com/thing:2631167	
https://www.thingiverse.com/thing:2640919	
https://www.thingiverse.com/thing:2642472	
https://www.thingiverse.com/thing:2644161	
https://www.thingiverse.com/thing:2644248	
https://www.thingiverse.com/thing:2654135	
https://www.thingiverse.com/thing:2654215	
https://www.thingiverse.com/thing:2664056	
https://www.thingiverse.com/thing:2664612	
https://www.thingiverse.com/thing:2670245	
https://www.thingiverse.com/thing:2674628	
https://www.thingiverse.com/thing:2675731	
https://www.thingiverse.com/thing:2677215	
https://www.thingiverse.com/thing:2679954	
https://www.thingiverse.com/thing:2684082	
https://www.thingiverse.com/thing:2685544	
https://www.thingiverse.com/thing:2686418	
https://www.thingiverse.com/thing:2696924	
https://www.thingiverse.com/thing:2698828	
https://www.thingiverse.com/thing:2703171	
https://www.thingiverse.com/thing:2703776	
https://www.thingiverse.com/thing:2711528	
https://www.thingiverse.com/thing:2715597	
https://www.thingiverse.com/thing:2718130	
https://www.thingiverse.com/thing:2720290	
https://www.thingiverse.com/thing:2730648	
https://www.thingiverse.com/thing:273643	
https://www.thingiverse.com/thing:2738870	
https://www.thingiverse.com/thing:2743521	
https://www.thingiverse.com/thing:2748055	
https://www.thingiverse.com/thing:2753942	
https://www.thingiverse.com/thing:2761068	
https://www.thingiverse.com/thing:2765367	
https://www.thingiverse.com/thing:2769349	
https://www.thingiverse.com/thing:277476	
https://www.thingiverse.com/thing:2775044	
https://www.thingiverse.com/thing:2781778	
https://www.thingiverse.com/thing:2787911	
https://www.thingiverse.com/thing:2788380	
https://www.thingiverse.com/thing:2788915	
https://www.thingiverse.com/thing:2790346	
https://www.thingiverse.com/thing:2792457	
https://www.thingiverse.com/thing:2794834	
https://www.thingiverse.com/thing:2794889	
https://www.thingiverse.com/thing:280004	
https://www.thingiverse.com/thing:2801053	
https://www.thingiverse.com/thing:2803322	
https://www.thingiverse.com/thing:28078	
https://www.thingiverse.com/thing:2811554	
https://www.thingiverse.com/thing:28121	
https://www.thingiverse.com/thing:2812615	
https://www.thingiverse.com/thing:2816114	
https://www.thingiverse.com/thing:2820540	
https://www.thingiverse.com/thing:282556	
https://www.thingiverse.com/thing:2828641	
https://www.thingiverse.com/thing:2843298	
https://www.thingiverse.com/thing:28442	
https://www.thingiverse.com/thing:28447	
https://www.thingiverse.com/thing:2857819	
https://www.thingiverse.com/thing:2859161	
https://www.thingiverse.com/thing:2860213	
https://www.thingiverse.com/thing:2862713	
https://www.thingiverse.com/thing:2870092	
https://www.thingiverse.com/thing:2880652	
https://www.thingiverse.com/thing:2882493	
https://www.thingiverse.com/thing:2883345	
https://www.thingiverse.com/thing:2886950	
https://www.thingiverse.com/thing:2902219	
https://www.thingiverse.com/thing:2911036	
https://www.thingiverse.com/thing:2911852	
https://www.thingiverse.com/thing:2914199	
https://www.thingiverse.com/thing:2916859	
https://www.thingiverse.com/thing:2919839	
https://www.thingiverse.com/thing:2921815	
https://www.thingiverse.com/thing:2926486	
https://www.thingiverse.com/thing:2936217	
https://www.thingiverse.com/thing:2937152	
https://www.thingiverse.com/thing:2946312	
https://www.thingiverse.com/thing:2948680	
https://www.thingiverse.com/thing:2951347	
https://www.thingiverse.com/thing:2954456	
https://www.thingiverse.com/thing:2958613	
https://www.thingiverse.com/thing:2980929	
https://www.thingiverse.com/thing:2981205	
https://www.thingiverse.com/thing:2983846	
https://www.thingiverse.com/thing:2984982	
https://www.thingiverse.com/thing:2986282	
https://www.thingiverse.com/thing:2987308	
https://www.thingiverse.com/thing:2988740	
https://www.thingiverse.com/thing:2992816	
https://www.thingiverse.com/thing:2994348	
https://www.thingiverse.com/thing:2999383	
https://www.thingiverse.com/thing:3007264	
https://www.thingiverse.com/thing:3010383	
https://www.thingiverse.com/thing:3017793	
https://www.thingiverse.com/thing:3020709	
https://www.thingiverse.com/thing:3023923	
https://www.thingiverse.com/thing:3023968	
https://www.thingiverse.com/thing:3026526	
https://www.thingiverse.com/thing:3031170	
https://www.thingiverse.com/thing:3031198	
https://www.thingiverse.com/thing:303187	
https://www.thingiverse.com/thing:3032770	
https://www.thingiverse.com/thing:3034925	
https://www.thingiverse.com/thing:30491	
https://www.thingiverse.com/thing:3054046	
https://www.thingiverse.com/thing:3055364	
https://www.thingiverse.com/thing:3059773	
https://www.thingiverse.com/thing:3064434	
https://www.thingiverse.com/thing:3067166	
https://www.thingiverse.com/thing:3067175	
https://www.thingiverse.com/thing:3072610	
https://www.thingiverse.com/thing:30744	
https://www.thingiverse.com/thing:3074853	
https://www.thingiverse.com/thing:3077564	
https://www.thingiverse.com/thing:3102775	
https://www.thingiverse.com/thing:3104277	
https://www.thingiverse.com/thing:3105122	
https://www.thingiverse.com/thing:3117889	
https://www.thingiverse.com/thing:3119058	
https://www.thingiverse.com/thing:3124089	
https://www.thingiverse.com/thing:3130630	
https://www.thingiverse.com/thing:3133706	
https://www.thingiverse.com/thing:3133833	
https://www.thingiverse.com/thing:3139809	
https://www.thingiverse.com/thing:3142779	
https://www.thingiverse.com/thing:3144072	
https://www.thingiverse.com/thing:3151905	
https://www.thingiverse.com/thing:3163299	
https://www.thingiverse.com/thing:3164865	
https://www.thingiverse.com/thing:3179467	
https://www.thingiverse.com/thing:3184268	
https://www.thingiverse.com/thing:3186607	
https://www.thingiverse.com/thing:319772	
https://www.thingiverse.com/thing:3198182	
https://www.thingiverse.com/thing:320532	
https://www.thingiverse.com/thing:3209979	
https://www.thingiverse.com/thing:3238736	
https://www.thingiverse.com/thing:3241197	
https://www.thingiverse.com/thing:32586	
https://www.thingiverse.com/thing:3260134	
https://www.thingiverse.com/thing:3276301	
https://www.thingiverse.com/thing:32839	
https://www.thingiverse.com/thing:3285253	
https://www.thingiverse.com/thing:3293201	
https://www.thingiverse.com/thing:3295331	
https://www.thingiverse.com/thing:3295349	
https://www.thingiverse.com/thing:3297097	
https://www.thingiverse.com/thing:3298877	
https://www.thingiverse.com/thing:3325763	
https://www.thingiverse.com/thing:3333671	
https://www.thingiverse.com/thing:3341586	
https://www.thingiverse.com/thing:3343489	
https://www.thingiverse.com/thing:3358129	
https://www.thingiverse.com/thing:3358469	
https://www.thingiverse.com/thing:3379342	
https://www.thingiverse.com/thing:3382996	
https://www.thingiverse.com/thing:3387197	
https://www.thingiverse.com/thing:3391616	
https://www.thingiverse.com/thing:3398952	
https://www.thingiverse.com/thing:3405765	
https://www.thingiverse.com/thing:3408906	
https://www.thingiverse.com/thing:3409021	
https://www.thingiverse.com/thing:3422585	
https://www.thingiverse.com/thing:3423754	
https://www.thingiverse.com/thing:3429224	
https://www.thingiverse.com/thing:3444288	
https://www.thingiverse.com/thing:3447631	
https://www.thingiverse.com/thing:3448073	
https://www.thingiverse.com/thing:3449171	
https://www.thingiverse.com/thing:3449837	
https://www.thingiverse.com/thing:3472175	
https://www.thingiverse.com/thing:3493929	
https://www.thingiverse.com/thing:3497948	
https://www.thingiverse.com/thing:3498144	
https://www.thingiverse.com/thing:3502559	
https://www.thingiverse.com/thing:3507962	
https://www.thingiverse.com/thing:3517888	
https://www.thingiverse.com/thing:3522686	
https://www.thingiverse.com/thing:3526625	
https://www.thingiverse.com/thing:3536861	
https://www.thingiverse.com/thing:3543116	
https://www.thingiverse.com/thing:3549313	
https://www.thingiverse.com/thing:3562952	
https://www.thingiverse.com/thing:3579311	
https://www.thingiverse.com/thing:3583888	
https://www.thingiverse.com/thing:35844	
https://www.thingiverse.com/thing:3586720	
https://www.thingiverse.com/thing:3591646	
https://www.thingiverse.com/thing:359355	
https://www.thingiverse.com/thing:3593990	
https://www.thingiverse.com/thing:3594646	
https://www.thingiverse.com/thing:3599321	
https://www.thingiverse.com/thing:3599682	
https://www.thingiverse.com/thing:3602413	
https://www.thingiverse.com/thing:3605287	
https://www.thingiverse.com/thing:3613133	
https://www.thingiverse.com/thing:3632	
https://www.thingiverse.com/thing:3643317	
https://www.thingiverse.com/thing:3644639	
https://www.thingiverse.com/thing:3646570	
https://www.thingiverse.com/thing:3648965	
https://www.thingiverse.com/thing:3651006	
https://www.thingiverse.com/thing:3660371	
https://www.thingiverse.com/thing:3665366	
https://www.thingiverse.com/thing:3668758	
https://www.thingiverse.com/thing:3675279	
https://www.thingiverse.com/thing:3680255	
https://www.thingiverse.com/thing:3689460	
https://www.thingiverse.com/thing:3695785	
https://www.thingiverse.com/thing:3696431	
https://www.thingiverse.com/thing:3702648	
https://www.thingiverse.com/thing:3704053	
https://www.thingiverse.com/thing:3706783	
https://www.thingiverse.com/thing:3708466	
https://www.thingiverse.com/thing:3711932	
https://www.thingiverse.com/thing:3713231	
https://www.thingiverse.com/thing:3714000	
https://www.thingiverse.com/thing:3715933	
https://www.thingiverse.com/thing:3720067	
https://www.thingiverse.com/thing:3722109	
https://www.thingiverse.com/thing:3732478	
https://www.thingiverse.com/thing:3736315	
https://www.thingiverse.com/thing:3747176	
https://www.thingiverse.com/thing:3752389	
https://www.thingiverse.com/thing:3754832	
https://www.thingiverse.com/thing:3756210	
https://www.thingiverse.com/thing:3757968	
https://www.thingiverse.com/thing:3766037	
https://www.thingiverse.com/thing:3769247	
https://www.thingiverse.com/thing:3771820	
https://www.thingiverse.com/thing:3809857	
https://www.thingiverse.com/thing:3809894	
https://www.thingiverse.com/thing:3812816	
https://www.thingiverse.com/thing:3831773	
https://www.thingiverse.com/thing:3847398	
https://www.thingiverse.com/thing:385308	
https://www.thingiverse.com/thing:3857316	
https://www.thingiverse.com/thing:3862143	
https://www.thingiverse.com/thing:386755	
https://www.thingiverse.com/thing:3869697	
https://www.thingiverse.com/thing:3870791	
https://www.thingiverse.com/thing:3923930	
https://www.thingiverse.com/thing:3928228	
https://www.thingiverse.com/thing:3943382	
https://www.thingiverse.com/thing:3960645	
https://www.thingiverse.com/thing:3972888	
https://www.thingiverse.com/thing:3973172	
https://www.thingiverse.com/thing:3973189	
https://www.thingiverse.com/thing:3980043	
https://www.thingiverse.com/thing:3980980	
https://www.thingiverse.com/thing:398548	
https://www.thingiverse.com/thing:3985878	
https://www.thingiverse.com/thing:4003793	
https://www.thingiverse.com/thing:4012333	
https://www.thingiverse.com/thing:4017185	
https://www.thingiverse.com/thing:403031	
https://www.thingiverse.com/thing:4037943	
https://www.thingiverse.com/thing:4050319	
https://www.thingiverse.com/thing:4065692	
https://www.thingiverse.com/thing:4086005	
https://www.thingiverse.com/thing:4093042	
https://www.thingiverse.com/thing:4102658	
https://www.thingiverse.com/thing:4104993	
https://www.thingiverse.com/thing:4128135	
https://www.thingiverse.com/thing:4129394	
https://www.thingiverse.com/thing:4133465	
https://www.thingiverse.com/thing:4135306	
https://www.thingiverse.com/thing:4136993	
https://www.thingiverse.com/thing:4143855	
https://www.thingiverse.com/thing:4145148	
https://www.thingiverse.com/thing:4156261	
https://www.thingiverse.com/thing:4161370	
https://www.thingiverse.com/thing:4162680	
https://www.thingiverse.com/thing:4176410	
https://www.thingiverse.com/thing:4183929	
https://www.thingiverse.com/thing:4186470	
https://www.thingiverse.com/thing:4196544	
https://www.thingiverse.com/thing:4199584	
https://www.thingiverse.com/thing:4203279	
https://www.thingiverse.com/thing:4203672	
https://www.thingiverse.com/thing:4209331	
https://www.thingiverse.com/thing:4209340	
https://www.thingiverse.com/thing:4227360	
https://www.thingiverse.com/thing:4229677	
https://www.thingiverse.com/thing:4239135	
https://www.thingiverse.com/thing:4252909	
https://www.thingiverse.com/thing:4256563	
https://www.thingiverse.com/thing:4267985	
https://www.thingiverse.com/thing:4268044	
https://www.thingiverse.com/thing:4272124	
https://www.thingiverse.com/thing:4298615	
https://www.thingiverse.com/thing:4298921	
https://www.thingiverse.com/thing:4314587	
https://www.thingiverse.com/thing:4314593	
https://www.thingiverse.com/thing:4314596	
https://www.thingiverse.com/thing:4314616	
https://www.thingiverse.com/thing:4317260	
https://www.thingiverse.com/thing:4319447	
https://www.thingiverse.com/thing:4324443	
https://www.thingiverse.com/thing:4325281	
https://www.thingiverse.com/thing:4325286	
https://www.thingiverse.com/thing:4325363	
https://www.thingiverse.com/thing:433006	
https://www.thingiverse.com/thing:4346095	
https://www.thingiverse.com/thing:4348025	
https://www.thingiverse.com/thing:4355201	
https://www.thingiverse.com/thing:436057	
https://www.thingiverse.com/thing:4363384	
https://www.thingiverse.com/thing:4372138	
https://www.thingiverse.com/thing:4380132	
https://www.thingiverse.com/thing:4380612	
https://www.thingiverse.com/thing:4406638	
https://www.thingiverse.com/thing:4408484	
https://www.thingiverse.com/thing:441822	
https://www.thingiverse.com/thing:443240	
https://www.thingiverse.com/thing:4444650	
https://www.thingiverse.com/thing:4458332	
https://www.thingiverse.com/thing:4459902	
https://www.thingiverse.com/thing:4461677	
https://www.thingiverse.com/thing:4497305	
https://www.thingiverse.com/thing:4497547	
https://www.thingiverse.com/thing:4502650	
https://www.thingiverse.com/thing:4507924	
https://www.thingiverse.com/thing:4516075	
https://www.thingiverse.com/thing:4533969	
https://www.thingiverse.com/thing:4545685	
https://www.thingiverse.com/thing:4550775	
https://www.thingiverse.com/thing:4551082	
https://www.thingiverse.com/thing:4556740	
https://www.thingiverse.com/thing:4557920	
https://www.thingiverse.com/thing:4560544	
https://www.thingiverse.com/thing:4562060	
https://www.thingiverse.com/thing:4571304	
https://www.thingiverse.com/thing:4573533	
https://www.thingiverse.com/thing:4573695	
https://www.thingiverse.com/thing:4574557	
https://www.thingiverse.com/thing:4574833	
https://www.thingiverse.com/thing:4580535	
https://www.thingiverse.com/thing:4594635	
https://www.thingiverse.com/thing:4604462	
https://www.thingiverse.com/thing:4607538	
https://www.thingiverse.com/thing:4609988	
https://www.thingiverse.com/thing:4610185	
https://www.thingiverse.com/thing:4610200	
https://www.thingiverse.com/thing:4616686	
https://www.thingiverse.com/thing:4621875	
https://www.thingiverse.com/thing:4627753	
https://www.thingiverse.com/thing:4634766	
https://www.thingiverse.com/thing:4637091	
https://www.thingiverse.com/thing:4655473	
https://www.thingiverse.com/thing:4655558	
https://www.thingiverse.com/thing:4656837	
https://www.thingiverse.com/thing:4666277	
https://www.thingiverse.com/thing:4667645	
https://www.thingiverse.com/thing:4668028	
https://www.thingiverse.com/thing:4671704	
https://www.thingiverse.com/thing:4673646	
https://www.thingiverse.com/thing:4682510	
https://www.thingiverse.com/thing:4685602	
https://www.thingiverse.com/thing:4687896	
https://www.thingiverse.com/thing:4688870	
https://www.thingiverse.com/thing:4695429	
https://www.thingiverse.com/thing:4703902	
https://www.thingiverse.com/thing:4704789	
https://www.thingiverse.com/thing:4711395	
https://www.thingiverse.com/thing:4711660	
https://www.thingiverse.com/thing:4714209	
https://www.thingiverse.com/thing:4715686	
https://www.thingiverse.com/thing:4716660	
https://www.thingiverse.com/thing:4724398	
https://www.thingiverse.com/thing:472463	
https://www.thingiverse.com/thing:4724753	
https://www.thingiverse.com/thing:4730580	
https://www.thingiverse.com/thing:4735609	
https://www.thingiverse.com/thing:4739564	
https://www.thingiverse.com/thing:4744588	
https://www.thingiverse.com/thing:4751969	
https://www.thingiverse.com/thing:4751973	
https://www.thingiverse.com/thing:4752098	
https://www.thingiverse.com/thing:475841	
https://www.thingiverse.com/thing:4764215	
https://www.thingiverse.com/thing:4764330	
https://www.thingiverse.com/thing:4766881	
https://www.thingiverse.com/thing:4784316	
https://www.thingiverse.com/thing:4788858	
https://www.thingiverse.com/thing:4788940	
https://www.thingiverse.com/thing:4791353	
https://www.thingiverse.com/thing:4795054	
https://www.thingiverse.com/thing:4795943	
https://www.thingiverse.com/thing:4807651	
https://www.thingiverse.com/thing:4807970	
https://www.thingiverse.com/thing:4808045	
https://www.thingiverse.com/thing:4812520	
https://www.thingiverse.com/thing:4828446	
https://www.thingiverse.com/thing:4828452	
https://www.thingiverse.com/thing:4828621	
https://www.thingiverse.com/thing:4829624	
https://www.thingiverse.com/thing:4834030	
https://www.thingiverse.com/thing:4834112	
https://www.thingiverse.com/thing:4834999	
https://www.thingiverse.com/thing:4838418	
https://www.thingiverse.com/thing:4839010	
https://www.thingiverse.com/thing:4859067	
https://www.thingiverse.com/thing:4860558	
https://www.thingiverse.com/thing:4863062	
https://www.thingiverse.com/thing:4865919	
https://www.thingiverse.com/thing:4866061	
https://www.thingiverse.com/thing:4866725	
https://www.thingiverse.com/thing:4870798	
https://www.thingiverse.com/thing:4875122	
https://www.thingiverse.com/thing:4875131	
https://www.thingiverse.com/thing:4875879	
https://www.thingiverse.com/thing:4881112	
https://www.thingiverse.com/thing:4888955	
https://www.thingiverse.com/thing:4904366	
https://www.thingiverse.com/thing:4908564	
https://www.thingiverse.com/thing:4924929	
https://www.thingiverse.com/thing:4927009	
https://www.thingiverse.com/thing:4931044	
https://www.thingiverse.com/thing:4949668	
https://www.thingiverse.com/thing:4957860	
https://www.thingiverse.com/thing:4962720	
https://www.thingiverse.com/thing:4966753	
https://www.thingiverse.com/thing:4978081	
https://www.thingiverse.com/thing:4978415	
https://www.thingiverse.com/thing:4979457	
https://www.thingiverse.com/thing:4982835	
https://www.thingiverse.com/thing:49934	
https://www.thingiverse.com/thing:501520	
https://www.thingiverse.com/thing:5021081	
https://www.thingiverse.com/thing:503608	
https://www.thingiverse.com/thing:5045	
https://www.thingiverse.com/thing:5104659	
https://www.thingiverse.com/thing:511577	
https://www.thingiverse.com/thing:511981	
https://www.thingiverse.com/thing:5136582	
https://www.thingiverse.com/thing:5145398	
https://www.thingiverse.com/thing:5156190	
https://www.thingiverse.com/thing:5166319	
https://www.thingiverse.com/thing:5167532	
https://www.thingiverse.com/thing:5167541	
https://www.thingiverse.com/thing:5171580	
https://www.thingiverse.com/thing:5175129	
https://www.thingiverse.com/thing:5179550	
https://www.thingiverse.com/thing:5182473	
https://www.thingiverse.com/thing:5193289	
https://www.thingiverse.com/thing:5195563	
https://www.thingiverse.com/thing:5205009	
https://www.thingiverse.com/thing:5209095	
https://www.thingiverse.com/thing:5214852	
https://www.thingiverse.com/thing:5218215	
https://www.thingiverse.com/thing:5221547	
https://www.thingiverse.com/thing:5224871	
https://www.thingiverse.com/thing:5257836	
https://www.thingiverse.com/thing:5259447	
https://www.thingiverse.com/thing:5265780	
https://www.thingiverse.com/thing:528151	
https://www.thingiverse.com/thing:5318667	
https://www.thingiverse.com/thing:5323803	
https://www.thingiverse.com/thing:5324032	
https://www.thingiverse.com/thing:5329759	
https://www.thingiverse.com/thing:533205	
https://www.thingiverse.com/thing:5344602	
https://www.thingiverse.com/thing:534894	
https://www.thingiverse.com/thing:5356449	
https://www.thingiverse.com/thing:5360839	
https://www.thingiverse.com/thing:537625	
https://www.thingiverse.com/thing:5377644	
https://www.thingiverse.com/thing:5392544	
https://www.thingiverse.com/thing:5397298	
https://www.thingiverse.com/thing:5406171	
https://www.thingiverse.com/thing:5410007	
https://www.thingiverse.com/thing:54180	
https://www.thingiverse.com/thing:5421796	
https://www.thingiverse.com/thing:5421799	
https://www.thingiverse.com/thing:5421803	
https://www.thingiverse.com/thing:5427267	
https://www.thingiverse.com/thing:5429572	
https://www.thingiverse.com/thing:5443839	
https://www.thingiverse.com/thing:54619	
https://www.thingiverse.com/thing:5468670	
https://www.thingiverse.com/thing:5485	
https://www.thingiverse.com/thing:5493973	
https://www.thingiverse.com/thing:5509960	
https://www.thingiverse.com/thing:5528428	
https://www.thingiverse.com/thing:5550898	
https://www.thingiverse.com/thing:5569674	
https://www.thingiverse.com/thing:5576229	
https://www.thingiverse.com/thing:5587587	
https://www.thingiverse.com/thing:5604895	
https://www.thingiverse.com/thing:5614035	
https://www.thingiverse.com/thing:562832	
https://www.thingiverse.com/thing:5722559	
https://www.thingiverse.com/thing:572288	
https://www.thingiverse.com/thing:5732473	
https://www.thingiverse.com/thing:5744513	
https://www.thingiverse.com/thing:5753312	
https://www.thingiverse.com/thing:588044	
https://www.thingiverse.com/thing:59344	
https://www.thingiverse.com/thing:60412	
https://www.thingiverse.com/thing:610998	
https://www.thingiverse.com/thing:622009	
https://www.thingiverse.com/thing:637773	
https://www.thingiverse.com/thing:640656	
https://www.thingiverse.com/thing:64977	
https://www.thingiverse.com/thing:649830	
https://www.thingiverse.com/thing:651117	
https://www.thingiverse.com/thing:655308	
https://www.thingiverse.com/thing:66151	
https://www.thingiverse.com/thing:666831	
https://www.thingiverse.com/thing:670840	
https://www.thingiverse.com/thing:67466	
https://www.thingiverse.com/thing:679823	
https://www.thingiverse.com/thing:680824	
https://www.thingiverse.com/thing:708666	
https://www.thingiverse.com/thing:710861	
https://www.thingiverse.com/thing:714312	
https://www.thingiverse.com/thing:737674	
https://www.thingiverse.com/thing:738825	
https://www.thingiverse.com/thing:73910	
https://www.thingiverse.com/thing:74502	
https://www.thingiverse.com/thing:746915	
https://www.thingiverse.com/thing:75991	
https://www.thingiverse.com/thing:761900	
https://www.thingiverse.com/thing:766711	
https://www.thingiverse.com/thing:766771	
https://www.thingiverse.com/thing:769708	
https://www.thingiverse.com/thing:77450	
https://www.thingiverse.com/thing:789126	
https://www.thingiverse.com/thing:79424	
https://www.thingiverse.com/thing:79430	
https://www.thingiverse.com/thing:81145	
https://www.thingiverse.com/thing:8504	
https://www.thingiverse.com/thing:868944	
https://www.thingiverse.com/thing:876457	
https://www.thingiverse.com/thing:893475	
https://www.thingiverse.com/thing:893490	
https://www.thingiverse.com/thing:905172	
https://www.thingiverse.com/thing:908929	
https://www.thingiverse.com/thing:91209	
https://www.thingiverse.com/thing:912565	
https://www.thingiverse.com/thing:920	
https://www.thingiverse.com/thing:92355	
https://www.thingiverse.com/thing:923662	
https://www.thingiverse.com/thing:923725	
https://www.thingiverse.com/thing:936287	
https://www.thingiverse.com/thing:943592	
https://www.thingiverse.com/thing:946640	
https://www.thingiverse.com/thing:951975	
https://www.thingiverse.com/thing:955795	
https://www.thingiverse.com/thing:961176	
https://www.thingiverse.com/thing:985	
